First Name,Middle Name,Last Name,Phonetic First Name,Phonetic Middle Name,Phonetic Last Name,Name Prefix,Name Suffix,Nickname,File As,Organization Name,Organization Title,Organization Department,Birthday,Notes,Photo,Labels,E-mail 1 - Label,E-mail 1 - Value,E-mail 2 - Label,E-mail 2 - Value,Phone 1 - Label,Phone 1 - Value,Phone 2 - Label,Phone 2 - Value,Address 1 - Label,Address 1 - Formatted,Address 1 - Street,Address 1 - City,Address 1 - PO Box,Address 1 - Region,Address 1 - Postal Code,Address 1 - Country,Address 1 - Extended Address,Address 2 - Label,Address 2 - Formatted,Address 2 - Street,Address 2 - City,Address 2 - PO Box,Address 2 - Region,Address 2 - Postal Code,Address 2 - Country,Address 2 - Extended Address,Relation 1 - Label,Relation 1 - Value,Website 1 - Label,Website 1 - Value
sk,,Internet,,,,,,,,,,,,,,* myContacts,,,,,Other,01090448581,,,,,,,,,,,,,,,,,,,,,,,,
기범,,강,,,,,,,,,,,,,,* myContacts,,,,,Other,01077334404,,,,,,,,,,,,,,,,,,,,,,,,
명성,,강,,,,,,,,,,,,,,* myContacts,,,,,Mobile,010-6214-8665,,,,,,,,,,,,,,,,,,,,,,,,
상원,,강,,,,,,,,,,,,,,* myContacts,,,,,Other,+821027820002,,,,,,,,,,,,,,,,,,,,,,,,
강호정,,,,,,,,,,,,,,"신한은행
110-523-446728",,* myContacts,,,,,Mobile,01072622801,,,,,,,,,,,,,,,,,,,,,,,,
고금협,,,,,,,,,,,,,,박주한,,* coworkers ::: * myContacts,,,,,Mobile,01062350824,,,,,,,,,,,,,,,,,,,,,,,,
고병수,,,,,,,,,,,,,,,,* coworkers ::: * myContacts,,,,,Mobile,01052057478,,,,,,,,,,,,,,,,,,,,,,,,
영기,,고,,,,,,,,,,,,,,* myContacts,,,,,Other,01020031171,,,,,,,,,,,,,,,,,,,,,,,,
구민철,,,,,,,,,,,,,,,,* myContacts,,,,,Mobile,010-8605-6547,,,,,,,,,,,,,,,,,,,,,,,,
치환,,구,,,,,,,,,,,,,https://lh3.googleusercontent.com/contacts/AG6tpzGLknwpXZy_ccCNJd1E7rD04uc63mRtMSZNFMnMHj2vC74ee5WK,* myContacts,,,,,Mobile,010-6347-1735,,,,,,,,,,,,,,,,,,,,,,,,
건형,,김,,,,,,,,,,,,,,* myContacts,,,,,Mobile,010-4539-2440,,,,,,,,,,,,,,,,,,,,,,,,
김기택,,,,,,,,,,,,,,,,* coworkers ::: * myContacts,,,,,Mobile,01085760629,,,,,,,,,,,,,,,,,,,,,,,,
김동영,,,,,,,,,,,,,,,,* friends ::: * myContacts,,,,,Mobile,01020250387,,,,,,,,,,,,,,,,,,,,,,,,
김민수,,,,,,,,,,,,,,,,* coworkers ::: * myContacts,,,,,Mobile,01075213720,,,,,,,,,,,,,,,,,,,,,,,,
민우,,김,,,,,,,,,,,,,,* myContacts,,,,,Other,01033140605,,,,,,,,,,,,,,,,,,,,,,,,
민지,,김,,,,,,,,,,,,,,* myContacts,,,,,Other,01027669183,,,,,,,,,,,,,,,,,,,,,,,,
김성열,,,,,,,,,,,,,,,,* coworkers ::: * myContacts,,,,,Mobile,01062683822,,,,,,,,,,,,,,,,,,,,,,,,
김승환,,,,,,,,,,,,,,,,* myContacts,,,,,Mobile,010-2715-0321,,,,,,,,,,,,,,,,,,,,,,,,
양후,,김,,,,,,,,,,,,,,* myContacts,,,,,Other,01042008027,,,,,,,,,,,,,,,,,,,,,,,,
옥선,,김,,,,,,,,,,,,,,* myContacts,,,,,Mobile,01064902719,,,,,,,,,,,,,,,,,,,,,,,,
종현,,김,,,,,,,,,,,,,,* myContacts,,,,,Mobile,010-9941-1732,,,,,,,,,,,,,,,,,,,,,,,,
김주환,,,,,,,,,,,,,,,,* myContacts,,,,,Mobile,01037972245,,,,,,,,,,,,,,,,,,,,,,,,
중각,,김,,,,,,,,,,,,"국민은행
811210534553",,* myContacts,,,,,Other,01032968656,,,,,,,,,,,,,,,,,,,,,,,,
중돈,,김,,,,,,,,,,,,,,* myContacts,,,,,Other,01095554161,,,,,,,,,,,,,,,,,,,,,,,,
학운,,김,,,,,,,,,,,,,,* myContacts,,,,,Mobile,010-7930-5291,,,,,,,,,,,,,,,,,,,,,,,,
김현민,,,,,,,,,,,,,,,,* coworkers ::: * myContacts,,,,,Mobile,01089371420,,,,,,,,,,,,,,,,,,,,,,,,
김현찬,,,,,,,,,,,,,,,,* coworkers ::: * myContacts,,,,,Mobile,01053133675,,,,,,,,,,,,,,,,,,,,,,,,
혜원,,김,,,,,,,,,,,,,https://lh3.googleusercontent.com/contacts/AG6tpzGrwdVzxP83PmGMAQa7CVuPuYldFy3fLyV4cHuEtfXUBJdfuOWs,* myContacts,,,,,Mobile,010-9063-9419,,,,,,,,,,,,,,,,,,,,,,,,
김희대,,,,,,,,,,,,,,,,* coworkers ::: * myContacts,,,,,Mobile,01080194119,,,,,,,,,,,,,,,,,,,,,,,,
김희평,,,,,,,,,,,,,,,,* coworkers ::: * myContacts,,,,,Mobile,01080309115,,,,,,,,,,,,,,,,,,,,,,,,
나승정,,,,,,,,,,,,,,,,* coworkers ::: * myContacts,* Home,wjdtmdsk@hanmail.net,,,Mobile,01047270119,,,,,,,,,,,,,,,,,,,,,,,,
기선,,남,,,,,,,,,,,,,,* myContacts,,,,,Mobile,010-9478-7646,,,,,,,,,,,,,,,,,,,,,,,,
누나,,,,,,,,,,,,,,,,* family ::: * myContacts,,,,,Mobile,01077386717,,,,,,,,,,,,,,,,,,,,,,,,
째처형,,둘,,,,,,,,,,,,,,* myContacts,,,,,,,,,,,,,,,,,,,,,,,,,,,,,,
류창수,,,,,,,,,,,,,,,,* myContacts,,,,,Mobile,010-5224-5079,,,,,,,,,,,,,,,,,,,,,,,,
마누라,,,,,,,,,,,,,,,https://lh3.googleusercontent.com/contacts/AG6tpzFcmNEx3lhiFYwPHMjbStlLDUcoqtJ8cBlTxXFQrPDQFuXzEbrt,* myContacts,,,,,Other,010-3706-6805,,,,,,,,,,,,,,,,,,,,,Spouse,박옥희,,
막내작은엄마,,,,,,,,,,,,,,,,* myContacts,,,,,Mobile,01047141661,,,,,,,,,,,,,,,,,,,,,,,,
형,,매,,,,,,,,,,,,,,* myContacts,,,,,Mobile,010-4179-7241,,,,,,,,,,,,,,,,,,,,,,,,
문윤진,,,,,,,,,,,,,,,,* friends ::: * myContacts,,,,,Mobile,01022114520,,,,,,,,,,,,,,,,,,,,,,,,
민병희,,,,,,,,,,,,,,,,* friends ::: * myContacts,,,,,,01023990806,,,,,,,,,,,,,,,,,,,,,,,,
박남진,,,,,,,,,,,,,,,,* coworkers ::: * myContacts,,,,,Mobile,010-9374-1191,,,,,,,,,,,,,,,,,,,,,,,,
박범수,,,,,,,,,,,,,,,,* coworkers ::: * myContacts,,,,,Mobile,01045166803,,,,,,,,,,,,,,,,,,,,,,,,
박세인,,,,,,,,,,,,,,,,* myContacts,,,,,Mobile,010-5364-7638,,,,,,,,,,,,,,,,,,,,,,,,
박영민,,,,,,,,,,,,,,,,* family ::: * myContacts,* Home,tg8549@naver.com,,,Mobile,01042354775,,,,,,,,,,,,,,,,,,,,,,,,
박요성,,,,,,,,,,,,,,,,* myContacts,,,,,Mobile,01084431038,,,,,,,,,,,,,,,,,,,,,,,,
우식,,박,,,,,,,,,,,,,,* myContacts,,,,,,,,,,,,,,,,,,,,,,,,,,,,,,
박유하교수님,,,,,,,,,,,,,,,,* myContacts,* Home,parkyuha2@gmail.com,,,Mobile,01052453119,,,,,,,,,,,,,,,,,,,,,,,,
정주,,박,,,,,,,,,,,,,,* myContacts,,,,,Mobile,01090432142,,,,,,,,,,,,,,,,,,,,,,,,
촌,,삼,,,,,,,,,,,,,,* myContacts,,,,,,,,,,,,,,,,,,,,,,,,,,,,,,
서기원,,,,,,,,,,,,,,,,* myContacts,,,,,Mobile,010-5564-3709,,,,,,,,,,,,,,,,,,,,,,,,
서정화,,,,,,,,,,,,,,부친별세,,* coworkers ::: * myContacts,,,,,Mobile,01047245119,,,,,,,,,,,,,,,,,,,,,,,,
상국,,선,,,,,,,,,,,,,,* myContacts,,,,,Mobile,010-2638-4092,,,,,,,,,,,,,,,,,,,,,,,,
손종오,,,,,,,,,,,,,,,,* myContacts,,,,,Mobile,01063066886,,,,,,,,,,,,,,,,,,,,,,,,
연규,,송,,,,,,,,,,,,,,* myContacts,,,,,Other,01087011911,,,,,,,,,,,,,,,,,,,,,,,,
장권^**,,송,,,,,,,,,,,,,,* myContacts,,,,,,,,,,,,,,,,,,,,,,,,,,,,,,
심상언,,,,,,,,,,,,,,,,* coworkers ::: * myContacts,,,,,Mobile,01090030039,,,,,,,,,,,,,,,,,,,,,,,,
양우진,,,,,,,,,,,,,,,,* coworkers ::: * myContacts,,,,,Mobile,01056301904,,,,,,,,,,,,,,,,,,,,,,,,
원석,,양,,,,,,,,,,,,,,* myContacts,,,,,Mobile,01080049643,,,,,,,,,,,,,,,,,,,,,,,,
엄마,,,,,,,,,,,,,,"01029056805
변경",,* family ::: * myContacts,,,,,Home,010-2905-6805,,,,,,,,,,,,,,,,,,,,,,,,
만희,,연,,,,,,,,,,,,,,* myContacts,,,,,Other,01024342151,,,,,,,,,,,,,,,,,,,,,,,,
세욱,,오,,,,,,,,,,,,,,* myContacts,,,,,Mobile,010-9869-0119,,,,,,,,,,,,,,,,,,,,,,,,
정휴,,오,,,,,,,,,,,,,,* myContacts,,,,,Mobile,010-8449-4790,,,,,,,,,,,,,,,,,,,,,,,,
유영인,,,,,,,,,,,,,,,,* coworkers ::: * myContacts,,,,,Mobile,01027911681,,,,,,,,,,,,,,,,,,,,,,,,
유은귀,,,,,,,,,,,,,,,,* coworkers ::: * myContacts,,,,,Mobile,01062689906,,,,,,,,,,,,,,,,,,,,,,,,
재현,,유,,,,,,,,,,,,,,* myContacts,,,,,Mobile,010-9956-6004,,,,,,,,,,,,,,,,,,,,,,,,
윤현호,,,,,,,,,,,,,,,,* myContacts,,,,,Mobile,010-9862-1213,,,,,,,,,,,,,,,,,,,,,,,,
경선,,이,,,,,,,,,,,,,,* family ::: * myContacts,* Home,laa0950@kakao.com,,,Mobile,010-6646-2151,,,,,,,,,,,,,,,,,,,,,,,,
구연,,이,,,,,,,,,,,,,,* myContacts,,,,,Other,01077645121,,,,,,,,,,,,,,,,,,,,,,,,
근희센터장,,이,,,,,,,,,,,,,,* myContacts,,,,,,,,,,,,,,,,,,,,,,,,,,,,,,
동봉,,이,,,,,,,,,,,,,,* myContacts,,,,,,,,,,,,,,,,,,,,,,,,,,,,,,
이미영,,,,,,,,,,,,,,,,* myContacts,,,,,Mobile,01090311661,,,,,,,,,,,,,,,,,,,,,,,,
이상주,,,,,,,,,,,,,,,,* coworkers ::: * myContacts,,,,,Mobile,01045843696,,,,,,,,,,,,,,,,,,,,,,,,
소은,,이,,,,,,,,,,,,,,* myContacts,,,,,Mobile,010-6698-9756,,,,,,,,,,,,,,,,,,,,,,,,
승기*,,이,,,,,,,,,,,,,,* myContacts,,,,,,,,,,,,,,,,,,,,,,,,,,,,,,
이영성^*,,,,,,,,,,,,,,,,* coworkers ::: * myContacts,,,,,Mobile,01029892967,,,,,,,,,,,,,,,,,,,,,,,,
이영학,,,,,,,,,,,,,,,,* friends ::: * myContacts,,,,,Mobile,01091602404,,,,,,,,,,,,,,,,,,,,,,,,
용,,이,,,,,,,,,,,,,,* myContacts,,,,,,,,,,,,,,,,,,,,,,,,,,,,,,
이우섭,,,,,,,,,,,,,,,,* coworkers ::: * myContacts,,,,,Mobile,01082907480,,,,1275-152층 정발산동 ::: 2층 1275-15,1275-152층 정발산동 ::: 2층 1275-15, ::: , ::: , ::: , ::: , ::: , ::: ,,,,,,,,,,,,,
이원형 (kt,,,,,,,,,,,,,,,,* myContacts,,,,,,01079320399,,,,,,,,,,,,,,,,,,,,,,,,
유경,,이,,,,,,,,,,,,,,* myContacts,,,,,Mobile,010-7220-5386,,,,,,,,,,,,,,,,,,,,,,,,
재국,,이,,,,,,,,숭인119안전센터,,,,,https://lh3.googleusercontent.com/contacts/AG6tpzGv54jTkhXsAxLiL32kG5yoQjgcBSVkr39OFCEhkSrUR2jBjrEU,* myContacts,* Home,choice30@gmail.com,,,Mobile,010-5308-6805,,,Home,"일산동구 식사동 위시티1로 7 501동 301호
고양시, 경기도
대한민국",일산동구 식사동 위시티1로 7 501동 301호,고양시,,경기도,,대한민국,,Work,"숭인동 694
서울특별시, 서울특별시 03110
대한민국",숭인동 694,서울특별시,,서울특별시,03110,대한민국,,,,Home Page,facebook.com/choice30
이재은(T),,,,,,,,,,,,,,,,* myContacts,,,,,Mobile,01030004086,,,,,,,,,,,,,,,,,,,,,,,,
재은(구급),,이,,,,,,,,,,,,,,* myContacts,,,,,Mobile,010-4750-4703,,,,,,,,,,,,,,,,,,,,,,,,
정주,,이,,,,,,,,,,,,,,* myContacts,,,,,Mobile,010-7168-5125,,,,,,,,,,,,,,,,,,,,,,,,
이주성,,,,,,,,,,,,,,,,* myContacts,,,,,Mobile,01042223436,,,,,,,,,,,,,,,,,,,,,,,,
이주영,,,,,,,,,,,,,,,,* coworkers ::: * myContacts,,,,,Mobile,010-2267-3226,,,,,,,,,,,,,,,,,,,,,,,,
지훈,,이,,,,,,,,,,,,,,* myContacts,,,,,Other,01095744474,,,,,,,,,,,,,,,,,,,,,,,,
이창안,,,,,,,,,,,,,,,,* family ::: * myContacts,,,,,Mobile,01051511105,,,,,,,,,,,,,,,,,,,,,,,,
이푸름,,,,,,,,,,,,,,,,* myContacts,,,,,Mobile,010-9464-1168,,,,,,,,,,,,,,,,,,,,,,,,
이효근,,,,,,,,,,,,,,,,* coworkers ::: * myContacts,,,,,Mobile,01090205804,,,,,,,,,,,,,,,,,,,,,,,,
인천이모,,,,,,,,,,,,,,,,* myContacts,,,,,Mobile,0327666846,Other,01053056846,Home,"105동 1204호 송림휴먼시아 1단지송림4동 동구
인천시",105동 1204호 송림휴먼시아 1단지송림4동 동구,인천시,,,,,,,,,,,,,,,,,,
동섭,,임,,,,,,,,,,,,,,* myContacts,* Other,seobi2580@gmail.com,,,Mobile,010-3316-1191,,,,,,,,,,,,,,,,,,,,,,,,
임봉천,,,,,,,,,,,,,,,,* coworkers ::: * myContacts,,,,,Mobile,01064026448,,,,,,,,,,,,,,,,,,,,,,,,
작은아들,,,,,,,,,,,,,,,https://lh3.googleusercontent.com/contacts/AG6tpzGRMSmbA-LD644y0wa7MGrdB97z6ZQL0xx4Wk5UxEB-lDcKoeOA,* myContacts,,,,,Other,01037086805,,,,,,,,,,,,,,,,,,,,,Child,이영우,,
장민수,,,,,,,,,,,,,,,,* coworkers ::: * myContacts,,,,,Mobile,01052166715,,,,,,,,,,,,,,,,,,,,,,,,
락용,,정,,,,,,,,,,,,,,* myContacts,,,,,Mobile,01034431709,,,,,,,,,,,,,,,,,,,,,Colleague,정락용,,
종운,,정,,,,,,,,,,,,,,* myContacts,,,,,Mobile,010-6587-1199,,,,,,,,,,,,,,,,,,,,,,,,
정해영팀장,,,,,,,,,,,,,,,,* coworkers ::: * myContacts,,,,,Mobile,01097995904,,,,,,,,,,,,,,,,,,,,,,,,
조동인,,,,,,,,,,,,,,,,* myContacts,,,,,Mobile,01033026846,,,,,,,,,,,,,,,,,,,,,,,,
조지현,,,,,,,,,,,,,,,,* coworkers ::: * myContacts,,,,,Mobile,01099478086,,,,,,,,,,,,,,,,,,,,,,,,
최근수,,,,,,,,,,,,,,,,* coworkers ::: * myContacts,,,,,Mobile,01091418409,,,,,,,,,,,,,,,,,,,,,,,,
최영철,,,,,,,,,,,,,,,,* coworkers ::: * myContacts,,,,,Mobile,010-3769-0133,,,,,,,,,,,,,,,,,,,,,,,,
정호,,최,,,,,,,,,,,,,,* myContacts,,,,,Other,01024186286,,,,,,,,,,,,,,,,,,,,,,,,
큰아들,,,,,,,,,,,,,,큰아들,https://lh3.googleusercontent.com/contacts/AG6tpzHWAs0BCHBt8lDkm01Ov2faT89XDRdJBNZhExCCbGjOMSjXjOW-,* myContacts,* Other,jungwoo6805@gmail.com,Work,jungwoo6805@naver.com,Other,01094466805,,,,,,,,,,,,,,,,,,,,,Child,이정우,,
큰처형,,,,,,,,,,,,,,,,* myContacts,,,,,Mobile,010-4740-2151,,,,,,,,,,,,,,,,,,,,,,,,
경민,,하,,,,,,,,,,,,,,* myContacts,,,,,Other,01072743904,,,,,,,,,,,,,,,,,,,,,,,,
상조,,한,,,,,,,,,,,,,,* myContacts,,,,,Mobile,010-3455-9110,,,,,,,,,,,,,,,,,,,,,,,,
머니,,할,,,,,,,,,,,,,https://lh3.googleusercontent.com/contacts/AG6tpzGxNS-mZ8Gb-1JyhigN4DD4oOVLtsgWIYoJFDp6VNaLZrKnh-Ws,* family ::: * myContacts,,,,,Mobile,01029280727,,,,,,,,,,,,,,,,,,,,,,,,
상덕,,허,,,,,,,,,,,,,,* myContacts,,,,,Mobile,010-9393-6899,,,,,,,,,,,,,,,,,,,,,,,,
기현,,홍,,,,,,,,,,,,,,* myContacts,,,,,Other,01044076770,,,,,,,,,,,,,,,,,,,,,,,,
석진,,홍,,,,,,,,,,,,,,* myContacts,,,,,Mobile,010-6238-6433,,,,,,,,,,,,,,,,,,,,,,,,